{
    "id":"None",
    "schema_name":"qcschema_output",
    "schema_version":1,
    "molecule":{
       "schema_name":"qcschema_molecule",
       "schema_version":2,
       "validated":true,
       "symbols":[
          "O",
          "H",
          "H"
       ],
       "geometry":[
          -1.2313779170505282e-34,
          0.0,
          -0.24448065950584735,
          8.64371273037402e-17,
          -2.8232508299999997,
          1.9400427404941525,
          -8.64371273037402e-17,
          2.8232508299999997,
          1.9400427404941525
       ],
       "name":"H2O",
       "molecular_charge":0.0,
       "molecular_multiplicity":1,
       "fix_com":false,
       "fix_orientation":false,
       "provenance":{
          "creator":"QCElemental",
          "version":"0.28.0",
          "routine":"qcelemental.molparse.from_string"
       },
       "extras":{
          
       }
    },
    "driver":"energy",
    "model":{
       "method":"SCF",
       "basis":"cc-pVDZ"
    },
    "keywords":{
       "scf_type":"df"
    },
    "protocols":{
       
    },
    "extras":{
       "qcvars":{
          "CURRENT ENERGY":-75.61303961999161,
          "CURRENT REFERENCE ENERGY":-75.61303961999161,
          "DD SOLVATION ENERGY":0.0,
          "HF KINETIC ENERGY":74.86217278544893,
          "HF POTENTIAL ENERGY":-150.47521240544057,
          "HF TOTAL ENERGY":-75.61303961999162,
          "HF VIRIAL RATIO":2.0100299898681095,
          "NUCLEAR REPULSION ENERGY":4.659247376328794,
          "ONE-ELECTRON ENERGY":-114.05172771068663,
          "PCM POLARIZATION ENERGY":0.0,
          "PE ENERGY":0.0,
          "SCF ITERATION ENERGY":-75.61303961999161,
          "SCF ITERATIONS":11.0,
          "SCF TOTAL ENERGY":-75.61303961999161,
          "TWO-ELECTRON ENERGY":33.77944071436622,
          "CURRENT DIPOLE":[
             0.0,
             0.0,
             0.8191966963700728
          ],
          "SCF DIPOLE":[
             0.0,
             0.0,
             0.8191966963700728
          ],
          "SCF TOTAL ENERGIES":[
             -74.68740266760624,
             -75.25317804925339,
             -74.86997326657281,
             -75.59837188377352,
             -75.61162886962299,
             -75.61301803428182,
             -75.61303658207699,
             -75.61303738498343,
             -75.61303802680605,
             -75.61303943024163,
             -75.61303961981834,
             -75.61303961999161
          ]
       }
    },
    "provenance":{
       "creator":"Psi4",
       "version":"1.9",
       "routine":"psi4.schema_runner.run_qcschema",
       "qcengine_version":"v0.30.0",
       "username":"thachuk",
       "cpu":"Intel(R) Xeon(R) Gold 6148 CPU @ 2.40GHz",
       "nthreads":1,
       "wall_time":30.26897120475769,
       "memory":38.877,
       "module":"scf",
       "hostname":"bc11235.int.ets1.calculquebec.ca"
    },
    "properties":{
       "calcinfo_nbasis":24,
       "calcinfo_nmo":24,
       "calcinfo_nalpha":5,
       "calcinfo_nbeta":5,
       "calcinfo_natom":3,
       "nuclear_repulsion_energy":4.659247376328794,
       "return_energy":-75.61303961999161,
       "return_gradient":"None",
       "return_hessian":"None",
       "scf_one_electron_energy":-114.05172771068663,
       "scf_two_electron_energy":33.77944071436622,
       "scf_dipole_moment":[
          0.0,
          0.0,
          0.8191966963700728
       ],
       "scf_total_energy":-75.61303961999161,
       "scf_total_gradient":"None",
       "scf_total_hessian":"None",
       "scf_iterations":11
    },
    "wavefunction":"None",
    "return_result":-75.61303961999161,
    "stdout":"\n    -----------------------------------------------------------------------\n          Psi4: An Open-Source Ab Initio Electronic Structure Package\n                               Psi4 1.9 release\n\n                         Git: Rev {} zzzzzzz \n\n\n    D. G. A. Smith, L. A. Burns, A. C. Simmonett, R. M. Parrish,\n    M. C. Schieber, R. Galvelis, P. Kraus, H. Kruse, R. Di Remigio,\n    A. Alenaizan, A. M. James, S. Lehtola, J. P. Misiewicz, M. Scheurer,\n    R. A. Shaw, J. B. Schriber, Y. Xie, Z. L. Glick, D. A. Sirianni,\n    J. S. O'Brien, J. M. Waldrop, A. Kumar, E. G. Hohenstein,\n    B. P. Pritchard, B. R. Brooks, H. F. Schaefer III, A. Yu. Sokolov,\n    K. Patkowski, A. E. DePrince III, U. Bozkaya, R. A. King,\n    F. A. Evangelista, J. M. Turney, T. D. Crawford, C. D. Sherrill,\n    J. Chem. Phys. 152(18) 184108 (2020). https://doi.org/10.1063/5.0006002\n\n                            Additional Code Authors\n    E. T. Seidl, C. L. Janssen, E. F. Valeev, M. L. Leininger,\n    J. F. Gonthier, R. M. Richard, H. R. McAlexander, M. Saitow, X. Wang,\n    P. Verma, M. H. Lechner, A. Jiang, S. Behnle, A. G. Heide,\n    M. F. Herbst, and D. L. Poole\n\n             Previous Authors, Complete List of Code Contributors,\n                       and Citations for Specific Modules\n    https://github.com/psi4/psi4/blob/master/codemeta.json\n    https://github.com/psi4/psi4/graphs/contributors\n    http://psicode.org/psi4manual/master/introduction.html#citing-psifour\n\n    -----------------------------------------------------------------------\n\n\n    Psi4 started on: Wednesday, 26 June 2024 08:46PM\n\n    Process ID: 1057640\n    Host:       bc11235.int.ets1.calculquebec.ca\n    PSIDATADIR: /cvmfs/soft.computecanada.ca/easybuild/software/2023/x86-64-v4/MPI/gcc12/openmpi4/psi4/1.9/share/psi4\n    Memory:     38.9 GiB\n    Threads:    1\n    \n  ==> Input QCSchema <==\n\n--------------------------------------------------------------------------\n{'driver': 'energy',\n 'extras': {},\n 'id': None,\n 'keywords': {'scf_type': 'df'},\n 'model': {'basis': 'cc-pVDZ', 'method': 'SCF'},\n 'molecule': {'extras': {},\n              'fix_com': False,\n              'fix_orientation': False,\n              'geometry': [0.0, 0.0, -0.24377467, 0.0, -2.82325083, 1.94074873, 0.0, 2.82325083, 1.94074873],\n              'molecular_charge': 0.0,\n              'molecular_multiplicity': 1,\n              'name': 'H2O',\n              'provenance': {'creator': 'QCElemental',\n                             'routine': 'qcelemental.molparse.from_string',\n                             'version': '0.28.0'},\n              'schema_name': 'qcschema_molecule',\n              'schema_version': 2,\n              'symbols': ['O', 'H', 'H'],\n              'validated': True},\n 'protocols': {},\n 'provenance': {'creator': 'QCElemental', 'routine': 'qcelemental.models.results', 'version': '0.28.0'},\n 'schema_name': 'qcschema_input',\n 'schema_version': 1}\n--------------------------------------------------------------------------\n\nScratch directory: /tmp/tmprxs4rck1_psi_scratch/\n   => Libint2 <=\n\n    Primary   basis highest AM E, G, H:  5, 4, 3\n    Auxiliary basis highest AM E, G, H:  6, 5, 4\n    Onebody   basis highest AM E, G, H:  6, 5, 4\n    Solid Harmonics ordering:            gaussian\n\n*** tstart() called on bc11235.int.ets1.calculquebec.ca\n*** at Wed Jun 26 20:46:19 2024\n\n   => Loading Basis Set <=\n\n    Name: CC-PVDZ\n    Role: ORBITAL\n    Keyword: BASIS\n    atoms 1   entry O          line   198 file /cvmfs/soft.computecanada.ca/easybuild/software/2023/x86-64-v4/MPI/gcc12/openmpi4/psi4/1.9/share/psi4/basis/cc-pvdz.gbs \n    atoms 2-3 entry H          line    22 file /cvmfs/soft.computecanada.ca/easybuild/software/2023/x86-64-v4/MPI/gcc12/openmpi4/psi4/1.9/share/psi4/basis/cc-pvdz.gbs \n\n\n         ---------------------------------------------------------\n                                   SCF\n               by Justin Turney, Rob Parrish, Andy Simmonett\n                          and Daniel G. A. Smith\n                              RHF Reference\n                        1 Threads,  39810 MiB Core\n         ---------------------------------------------------------\n\n  ==> Geometry <==\n\n    Molecular point group: c2v\n    Full point group: C2v\n\n    Geometry (in Bohr), charge = 0, 